id,chol,stab.glu,hdl,ratio,glyhb,age,height,weight,bp.1s,bp.1d,bp.2s,bp.2d,waist,hip,time.ppn,Outcome
1000,203.0,82,56.0,3.5999999046,4.3099999428,46,62.0,121.0,118.0,59.0,0.0,0.0,29.0,38.0,720.0,0
1001,165.0,97,24.0,6.9000000954,4.4400000572,29,64.0,218.0,112.0,68.0,0.0,0.0,46.0,48.0,360.0,0
1002,228.0,92,37.0,6.1999998093,4.6399998665,58,61.0,256.0,190.0,92.0,185.0,92.0,49.0,57.0,180.0,0
1003,78.0,93,12.0,6.5,4.6300001144,67,67.0,119.0,110.0,50.0,0.0,0.0,33.0,38.0,480.0,0
1005,249.0,90,28.0,8.8999996185,7.7199997902,64,68.0,183.0,138.0,80.0,0.0,0.0,44.0,41.0,300.0,1
1008,248.0,94,69.0,3.5999999046,4.8099999428,34,71.0,190.0,132.0,86.0,0.0,0.0,36.0,42.0,195.0,0
1011,195.0,92,41.0,4.8000001907,4.8400001526,30,69.0,191.0,161.0,112.0,161.0,112.0,46.0,49.0,720.0,0
1015,227.0,75,44.0,5.1999998093,3.9400000572,37,59.0,170.0,0.0,0.0,0.0,0.0,34.0,39.0,1020.0,0
1016,177.0,87,49.0,3.5999999046,4.8400001526,45,69.0,166.0,160.0,80.0,128.0,86.0,34.0,40.0,300.0,0
1022,263.0,89,40.0,6.5999999046,5.7800002098,55,63.0,202.0,108.0,72.0,0.0,0.0,45.0,50.0,240.0,0
1024,242.0,82,54.0,4.5,4.7699999809,60,65.0,156.0,130.0,90.0,130.0,90.0,39.0,45.0,300.0,0
1029,215.0,128,34.0,6.3000001907,4.9699997902,38,58.0,195.0,102.0,68.0,0.0,0.0,42.0,50.0,90.0,0
1030,238.0,75,36.0,6.5999999046,4.4699997902,27,60.0,170.0,130.0,80.0,0.0,0.0,35.0,41.0,720.0,0
1031,183.0,79,46.0,4.0,4.5900001526,40,59.0,165.0,0.0,0.0,0.0,0.0,37.0,43.0,60.0,0
1035,191.0,76,30.0,6.4000000954,4.6700000763,36,69.0,183.0,100.0,66.0,0.0,0.0,36.0,40.0,225.0,0
1036,213.0,83,47.0,4.5,3.4100000858,33,65.0,157.0,130.0,90.0,120.0,96.0,37.0,41.0,240.0,0
1037,255.0,78,38.0,6.6999998093,4.3299999237,50,65.0,183.0,130.0,100.0,0.0,0.0,37.0,43.0,180.0,0
1041,230.0,112,64.0,3.5999999046,4.5300002098,20,67.0,159.0,100.0,90.0,0.0,0.0,31.0,39.0,1440.0,0
1045,194.0,81,36.0,5.4000000954,5.2800002098,36,64.0,126.0,110.0,76.0,0.0,0.0,30.0,34.0,120.0,0
1250,196.0,206,41.0,4.8000001907,11.2399997711,62,65.0,196.0,178.0,90.0,0.0,0.0,46.0,51.0,540.0,1
1252,186.0,97,50.0,3.7000000477,6.4899997711,70,67.0,178.0,148.0,88.0,148.0,84.0,42.0,41.0,1020.0,0
1253,234.0,65,76.0,3.0999999046,4.6700000763,47,67.0,230.0,137.0,100.0,149.0,110.0,45.0,46.0,480.0,0
1254,203.0,299,43.0,4.6999998093,12.7399997711,38,69.0,288.0,136.0,83.0,0.0,0.0,48.0,55.0,240.0,1
1256,281.0,92,41.0,6.9000000954,5.5599999428,66,62.0,185.0,158.0,88.0,160.0,88.0,48.0,44.0,285.0,0
1271,228.0,66,45.0,5.0999999046,4.6100001335,24,61.0,113.0,100.0,70.0,110.0,70.0,33.0,38.0,210.0,0
1277,179.0,80,92.0,1.8999999762,4.1799998283,41,72.0,118.0,144.0,112.0,0.0,0.0,28.0,36.0,780.0,0
1280,232.0,87,30.0,7.6999998093,5.0999999046,37,68.0,252.0,140.0,95.0,0.0,0.0,43.0,47.0,420.0,0
1281,0.0,74,0.0,0.0,4.2800002098,48,68.0,100.0,120.0,85.0,0.0,0.0,27.0,33.0,510.0,0
1282,254.0,84,52.0,4.9000000954,4.5199999809,43,62.0,145.0,125.0,70.0,0.0,0.0,31.0,38.0,720.0,0
1285,215.0,72,42.0,5.0999999046,4.3699998856,40,70.0,189.0,180.0,122.0,170.0,112.0,37.0,39.0,450.0,0
1301,177.0,101,36.0,4.9000000954,5.1100001335,42,65.0,174.0,146.0,94.0,139.0,89.0,37.0,40.0,540.0,0
1303,182.0,85,43.0,4.1999998093,4.4699997902,52,68.0,139.0,130.0,90.0,0.0,0.0,29.0,35.0,780.0,0
1304,265.0,330,34.0,7.8000001907,15.5200004578,61,74.0,191.0,170.0,88.0,168.0,80.0,39.0,41.0,225.0,1
1305,182.0,85,37.0,4.9000000954,5.6599998474,61,69.0,174.0,176.0,86.0,180.0,90.0,49.0,43.0,330.0,0
1309,199.0,87,63.0,3.2000000477,3.6700000763,25,66.0,118.0,120.0,78.0,0.0,0.0,32.0,34.0,720.0,0
1312,183.0,81,60.0,3.0999999046,4.0300002098,47,66.0,186.0,140.0,97.0,0.0,0.0,39.0,44.0,780.0,0
1313,194.0,86,67.0,2.9000000954,2.6800000668,35,66.0,159.0,115.0,64.0,0.0,0.0,31.0,35.0,720.0,0
1314,190.0,107,32.0,5.9000000954,3.5599999428,46,72.0,205.0,0.0,0.0,0.0,0.0,46.0,49.0,240.0,0
1315,173.0,80,57.0,3.0,6.2100000381,57,71.0,145.0,124.0,64.0,0.0,0.0,31.0,36.0,30.0,0
1316,182.0,206,43.0,4.1999998093,7.9099998474,70,69.0,214.0,158.0,90.0,160.0,96.0,45.0,48.0,840.0,1
1317,136.0,81,51.0,2.7000000477,4.5799999237,22,66.0,160.0,105.0,85.0,0.0,0.0,35.0,40.0,720.0,0
1321,218.0,68,46.0,4.6999998093,3.8900001049,52,62.0,170.0,142.0,79.0,0.0,0.0,40.0,43.0,720.0,0
1323,225.0,83,42.0,5.4000000954,4.3800001144,36,67.0,192.0,149.0,89.0,136.0,88.0,40.0,42.0,30.0,0
1326,262.0,84,38.0,6.9000000954,0.0,43,75.0,253.0,124.0,80.0,0.0,0.0,43.0,49.0,300.0,0
1500,213.0,76,40.0,5.3000001907,5.9600000381,72,59.0,137.0,130.0,60.0,0.0,0.0,40.0,40.0,90.0,0
1501,243.0,52,59.0,4.0999999046,4.4099998474,37,64.0,233.0,110.0,82.0,0.0,0.0,49.0,57.0,90.0,0
1502,148.0,193,14.0,10.6000003815,6.1399998665,54,67.0,165.0,140.0,65.0,0.0,0.0,42.0,42.0,150.0,0
2004,128.0,223,24.0,5.3000001907,10.8999996185,60,67.0,196.0,110.0,68.0,0.0,0.0,42.0,43.0,450.0,1
2750,169.0,85,51.0,3.2999999523,6.1399998665,40,65.0,180.0,106.0,82.0,0.0,0.0,40.0,44.0,780.0,0
2753,157.0,74,47.0,3.2999999523,5.5700001717,55,66.0,219.0,150.0,82.0,142.0,78.0,43.0,52.0,360.0,0
2754,196.0,82,58.0,3.4000000954,4.25,76,65.0,154.0,158.0,78.0,140.0,84.0,37.0,41.0,120.0,0
2756,237.0,87,41.0,5.8000001907,5.3499999046,43,64.0,181.0,104.0,90.0,0.0,0.0,36.0,46.0,240.0,0
2757,212.0,97,45.0,4.6999998093,6.3299999237,65,61.0,187.0,158.0,94.0,149.0,96.0,43.0,47.0,360.0,0
2758,233.0,92,39.0,6.0,4.5599999428,45,64.0,167.0,124.0,86.0,0.0,0.0,39.0,44.0,270.0,0
2762,289.0,111,50.0,5.8000001907,9.3900003433,70,60.0,220.0,126.0,80.0,0.0,0.0,51.0,54.0,780.0,1
2763,193.0,106,63.0,3.0999999046,6.3499999046,20,68.0,274.0,165.0,110.0,153.0,100.0,49.0,58.0,60.0,0
2765,204.0,128,61.0,3.2999999523,5.1999998093,62,68.0,180.0,141.0,81.0,0.0,0.0,38.0,41.0,540.0,0
2770,165.0,94,69.0,2.4000000954,4.9800000191,92,62.0,217.0,160.0,82.0,0.0,0.0,51.0,51.0,180.0,0
2773,237.0,233,58.0,4.0999999046,13.6999998093,49,62.0,189.0,130.0,90.0,0.0,0.0,43.0,47.0,195.0,1
2774,218.0,88,39.0,5.5999999046,0.0,44,66.0,191.0,138.0,79.0,0.0,0.0,40.0,45.0,720.0,0
2775,296.0,262,60.0,4.9000000954,10.9300003052,74,63.0,183.0,159.0,99.0,160.0,103.0,42.0,48.0,300.0,1
2777,178.0,78,59.0,3.0,5.2300000191,36,70.0,161.0,130.0,79.0,0.0,0.0,34.0,40.0,720.0,0
2778,443.0,185,23.0,19.2999992371,14.3100004196,51,70.0,235.0,158.0,98.0,148.0,88.0,43.0,48.0,420.0,1
2780,145.0,85,29.0,5.0,3.9900000095,38,0.0,125.0,0.0,0.0,0.0,0.0,31.0,35.0,120.0,0
2784,234.0,80,63.0,3.7000000477,0.0,31,70.0,165.0,121.0,71.0,0.0,0.0,35.0,39.0,720.0,0
2785,146.0,77,60.0,2.4000000954,4.2699999809,28,64.0,126.0,120.0,90.0,0.0,0.0,28.0,32.0,180.0,0
2787,223.0,75,85.0,2.5999999046,4.25,22,62.0,137.0,120.0,70.0,0.0,0.0,28.0,35.0,960.0,0
2791,213.0,203,75.0,2.7999999523,11.4099998474,71,63.0,165.0,150.0,80.0,145.0,80.0,34.0,42.0,960.0,1
2793,173.0,131,69.0,2.5,4.4400000572,76,61.0,102.0,160.0,60.0,160.0,60.0,31.0,33.0,1020.0,0
2794,232.0,184,114.0,2.0,8.3999996185,91,61.0,127.0,170.0,82.0,0.0,0.0,35.0,38.0,120.0,1
2795,171.0,92,54.0,3.2000000477,4.5900001526,40,71.0,214.0,138.0,94.0,140.0,80.0,41.0,39.0,240.0,0
3250,164.0,86,40.0,4.0999999046,5.2300000191,23,69.0,245.0,126.0,75.0,0.0,0.0,44.0,47.0,420.0,0
3750,170.0,69,64.0,2.7000000477,4.3899998665,20,64.0,161.0,108.0,70.0,0.0,0.0,37.0,40.0,120.0,0
3751,180.0,84,69.0,2.5999999046,5.1999998093,40,68.0,264.0,142.0,98.0,130.0,92.0,43.0,54.0,240.0,0
3752,204.0,57,74.0,2.7999999523,6.1100001335,52,75.0,142.0,140.0,90.0,0.0,0.0,31.0,35.0,300.0,0
4000,209.0,113,65.0,3.2000000477,7.4400000572,76,60.0,143.0,156.0,78.0,144.0,76.0,35.0,40.0,1200.0,1
4500,242.0,108,53.0,4.5999999046,5.4699997902,46,62.0,183.0,130.0,86.0,0.0,0.0,37.0,45.0,180.0,0
4501,134.0,105,42.0,3.2000000477,4.2899999619,48,70.0,173.0,178.0,120.0,182.0,110.0,36.0,40.0,240.0,0
4506,217.0,81,60.0,3.5999999046,3.9300000668,22,71.0,223.0,120.0,75.0,0.0,0.0,46.0,50.0,210.0,0
4515,251.0,94,36.0,7.0,6.9600000381,58,63.0,154.0,174.0,75.0,0.0,0.0,38.0,41.0,180.0,1
4517,217.0,88,40.0,5.4000000954,4.8400001526,34,73.0,219.0,145.0,100.0,0.0,0.0,41.0,42.0,270.0,0
4750,300.0,103,44.0,6.8000001907,5.1799998283,61,67.0,169.0,138.0,78.0,0.0,0.0,40.0,44.0,10.0,0
4751,218.0,87,38.0,5.6999998093,5.5199999809,40,73.0,200.0,120.0,76.0,0.0,0.0,38.0,41.0,210.0,0
4753,189.0,96,47.0,4.0,4.3800001144,28,64.0,200.0,136.0,52.0,0.0,0.0,38.0,45.0,60.0,0
4758,185.0,84,52.0,3.5999999046,5.2800002098,53,61.0,145.0,147.0,72.0,0.0,0.0,37.0,40.0,420.0,0
4759,206.0,85,46.0,4.5,4.8200001717,67,67.0,178.0,119.0,68.0,0.0,0.0,37.0,41.0,780.0,0
4760,218.0,182,54.0,4.0,10.5500001907,51,0.0,215.0,139.0,69.0,0.0,0.0,42.0,53.0,720.0,1
4761,189.0,75,72.0,2.5999999046,4.8600001335,49,62.0,205.0,120.0,80.0,0.0,0.0,40.0,49.0,840.0,0
4763,229.0,95,74.0,3.0999999046,4.8600001335,65,62.0,151.0,125.0,64.0,0.0,0.0,37.0,42.0,660.0,0
4767,228.0,76,53.0,4.3000001907,4.1100001335,54,66.0,170.0,121.0,62.0,0.0,0.0,36.0,41.0,420.0,0
4770,159.0,88,43.0,3.7000000477,5.0199999809,38,68.0,169.0,138.0,79.0,0.0,0.0,34.0,40.0,690.0,0
4771,249.0,197,44.0,5.6999998093,9.1700000763,64,63.0,159.0,151.0,85.0,148.0,79.0,33.0,41.0,1140.0,1
4772,170.0,106,42.0,4.0,5.1100001335,41,61.0,110.0,103.0,64.0,0.0,0.0,29.0,30.0,120.0,0
4776,174.0,125,44.0,4.0,5.0700001717,67,68.0,198.0,119.0,72.0,0.0,0.0,36.0,43.0,60.0,0
4780,204.0,62,70.0,2.9000000954,4.8400001526,27,67.0,185.0,110.0,90.0,0.0,0.0,35.0,44.0,10.0,0
4783,203.0,84,75.0,2.7000000477,4.0999999046,21,63.0,142.0,125.0,85.0,117.0,68.0,28.0,39.0,900.0,0
4786,241.0,86,63.0,3.7999999523,4.7899999619,41,59.0,139.0,112.0,72.0,0.0,0.0,29.0,39.0,1560.0,0
4787,245.0,120,39.0,6.3000001907,7.7899999619,47,63.0,156.0,142.0,102.0,156.0,106.0,35.0,39.0,120.0,1
4789,143.0,91,37.0,3.9000000954,5.1500000954,61,65.0,220.0,160.0,92.0,150.0,98.0,40.0,50.0,20.0,0
4790,224.0,341,33.0,6.8000001907,10.1499996185,65,67.0,197.0,160.0,80.0,158.0,80.0,42.0,43.0,390.0,1
4792,168.0,69,45.0,3.7000000477,4.1700000763,28,63.0,200.0,111.0,65.0,0.0,0.0,42.0,46.0,780.0,0
4793,184.0,79,39.0,4.6999998093,4.0500001907,41,69.0,154.0,136.0,96.0,130.0,94.0,34.0,39.0,600.0,0
4794,199.0,130,48.0,4.0999999046,5.4400000572,37,61.0,203.0,136.0,84.0,0.0,0.0,42.0,51.0,10.0,0
4795,158.0,91,48.0,3.2999999523,4.3099999428,50,71.0,180.0,136.0,90.0,126.0,84.0,36.0,40.0,45.0,0
4796,209.0,176,55.0,3.7999999523,9.7700004578,57,61.0,150.0,115.0,68.0,0.0,0.0,36.0,39.0,780.0,1
4801,214.0,111,59.0,3.5999999046,3.8900001049,28,68.0,204.0,130.0,90.0,0.0,0.0,40.0,41.0,60.0,0
4802,293.0,85,94.0,3.0999999046,5.1700000763,31,67.0,200.0,110.0,90.0,0.0,0.0,41.0,42.0,240.0,0
4803,227.0,105,44.0,5.1999998093,5.7100000381,83,59.0,125.0,150.0,90.0,156.0,88.0,35.0,40.0,300.0,0
4805,292.0,235,55.0,5.3000001907,7.8699998856,79,70.0,165.0,170.0,90.0,170.0,100.0,39.0,41.0,240.0,1
4808,218.0,80,71.0,3.0999999046,0.0,68,70.0,170.0,130.0,73.0,0.0,0.0,37.0,42.0,720.0,0
4813,244.0,101,36.0,6.8000001907,4.6599998474,32,70.0,212.0,132.0,90.0,0.0,0.0,39.0,44.0,0.0,0
4818,283.0,83,74.0,3.7999999523,4.2199997902,26,72.0,227.0,158.0,104.0,158.0,108.0,41.0,44.0,330.0,0
4821,186.0,74,76.0,2.4000000954,5.1700000763,36,69.0,150.0,138.0,82.0,0.0,0.0,31.0,38.0,60.0,0
4822,273.0,94,49.0,5.5999999046,3.7599999905,53,64.0,174.0,160.0,96.0,162.0,96.0,34.0,43.0,30.0,0
4823,193.0,77,49.0,3.9000000954,4.3099999428,19,61.0,119.0,118.0,70.0,0.0,0.0,32.0,38.0,300.0,0
4825,194.0,80,34.0,5.6999998093,4.6100001335,63,73.0,175.0,131.0,88.0,0.0,0.0,34.0,39.0,30.0,0
4826,231.0,105,61.0,3.7999999523,0.0,58,63.0,230.0,141.0,99.0,0.0,0.0,39.0,48.0,30.0,0
4827,217.0,78,48.0,4.5,0.0,53,63.0,158.0,139.0,79.0,0.0,0.0,33.0,40.0,720.0,0
4833,174.0,173,34.0,5.0999999046,5.3499999046,50,70.0,263.0,159.0,99.0,150.0,89.0,51.0,64.0,210.0,0
4835,225.0,84,82.0,2.7000000477,4.3600001335,41,71.0,156.0,150.0,80.0,0.0,0.0,31.0,40.0,120.0,0
4840,268.0,85,51.0,5.3000001907,4.4099998474,48,70.0,120.0,150.0,105.0,150.0,100.0,32.0,35.0,120.0,0
4841,195.0,108,46.0,4.1999998093,8.4499998093,59,67.0,172.0,150.0,102.0,150.0,100.0,38.0,43.0,300.0,1
4842,179.0,70,52.0,3.4000000954,3.9800000191,34,72.0,170.0,138.0,82.0,0.0,0.0,31.0,39.0,1170.0,0
4843,215.0,119,44.0,3.9000000954,9.7600002289,63,63.0,158.0,160.0,68.0,158.0,74.0,34.0,42.0,240.0,1
10000,185.0,76,58.0,3.2000000477,4.8299999237,23,76.0,164.0,124.0,78.0,0.0,0.0,32.0,40.0,720.0,0
10001,132.0,99,34.0,3.9000000954,4.0100002289,21,65.0,169.0,112.0,62.0,0.0,0.0,39.0,43.0,180.0,0
10012,175.0,91,42.0,4.1999998093,3.8399999142,23,65.0,235.0,110.0,80.0,0.0,0.0,44.0,50.0,10.0,0
10014,179.0,81,35.0,5.0999999046,4.9499998093,36,63.0,125.0,110.0,76.0,0.0,0.0,33.0,36.0,240.0,0
10016,228.0,115,61.0,3.7000000477,6.3899998665,71,63.0,244.0,170.0,92.0,0.0,0.0,48.0,51.0,660.0,0
10020,181.0,177,24.0,7.5,7.5300002098,64,71.0,225.0,130.0,66.0,0.0,0.0,44.0,47.0,180.0,1
12002,160.0,100,36.0,4.4000000954,4.6199998856,43,64.0,140.0,180.0,110.0,210.0,110.0,37.0,40.0,225.0,0
12004,188.0,77,45.0,4.1999998093,4.7899999619,31,67.0,227.0,122.0,70.0,0.0,0.0,47.0,53.0,140.0,0
12005,168.0,101,59.0,2.7999999523,5.0900001526,44,64.0,160.0,130.0,88.0,0.0,0.0,40.0,43.0,60.0,0
12006,318.0,270,108.0,2.9000000954,6.5100002289,60,65.0,167.0,132.0,72.0,0.0,0.0,38.0,44.0,30.0,1
12501,192.0,109,44.0,4.4000000954,4.8600001335,43,64.0,325.0,141.0,79.0,0.0,0.0,53.0,62.0,60.0,0
12502,209.0,87,34.0,6.0999999046,4.4099998474,48,63.0,121.0,111.0,62.0,0.0,0.0,32.0,38.0,855.0,0
12506,129.0,110,42.0,3.0999999046,6.1300001144,56,74.0,151.0,140.0,75.0,0.0,0.0,34.0,38.0,90.0,0
12507,160.0,122,41.0,3.9000000954,6.4899997711,55,67.0,223.0,136.0,83.0,0.0,0.0,43.0,48.0,960.0,0
12509,160.0,196,33.0,4.8000001907,7.5100002289,49,71.0,266.0,150.0,98.0,0.0,0.0,49.0,45.0,90.0,1
12751,211.0,48,34.0,6.1999998093,6.9699997902,58,67.0,177.0,162.0,78.0,156.0,82.0,38.0,43.0,315.0,1
12754,262.0,93,43.0,6.0999999046,4.9000000954,33,63.0,170.0,110.0,68.0,0.0,0.0,33.0,46.0,210.0,0
12760,201.0,81,87.0,2.2999999523,4.8099999428,48,68.0,146.0,145.0,95.0,0.0,0.0,32.0,41.0,600.0,0
12761,263.0,82,92.0,2.9000000954,4.5799999237,66,66.0,121.0,104.0,64.0,0.0,0.0,31.0,33.0,30.0,0
12763,219.0,112,73.0,3.0,9.1800003052,59,66.0,170.0,146.0,92.0,168.0,98.0,37.0,40.0,120.0,1
12765,191.0,83,88.0,2.2000000477,5.4600000381,45,67.0,151.0,130.0,90.0,0.0,0.0,33.0,38.0,1320.0,0
12766,171.0,97,69.0,2.5,4.0399999619,52,71.0,159.0,125.0,72.0,0.0,0.0,33.0,39.0,750.0,0
12768,219.0,112,73.0,3.0,5.2300000191,76,64.0,105.0,125.0,82.0,0.0,0.0,29.0,33.0,60.0,0
12769,347.0,197,42.0,8.3000001907,6.3400001526,36,70.0,277.0,140.0,86.0,0.0,0.0,51.0,49.0,900.0,0
12772,269.0,73,34.0,7.9000000954,5.3699998856,41,62.0,160.0,126.0,90.0,0.0,0.0,39.0,41.0,390.0,0
12778,164.0,71,63.0,2.5999999046,4.5100002289,20,72.0,145.0,108.0,78.0,0.0,0.0,29.0,36.0,1080.0,0
13250,181.0,255,26.0,7.0,9.5799999237,50,71.0,320.0,140.0,86.0,0.0,0.0,56.0,49.0,30.0,1
13254,190.0,84,44.0,4.3000001907,5.5500001907,43,62.0,163.0,135.0,88.0,0.0,0.0,40.0,45.0,720.0,0
13500,255.0,112,34.0,7.5,5.5999999046,82,66.0,163.0,179.0,89.0,172.0,91.0,37.0,43.0,60.0,0
13501,218.0,126,32.0,6.8000001907,4.8699998856,35,69.0,169.0,139.0,90.0,136.0,86.0,39.0,41.0,720.0,0
13503,223.0,90,48.0,4.5999999046,5.5999999046,47,65.0,232.0,120.0,86.0,0.0,0.0,46.0,54.0,900.0,0
13505,254.0,342,37.0,6.9000000954,12.970000267,75,68.0,210.0,151.0,87.0,0.0,0.0,44.0,45.0,15.0,1
14756,236.0,102,36.0,6.5999999046,5.6300001144,62,76.0,160.0,150.0,80.0,0.0,0.0,35.0,39.0,270.0,0
14758,176.0,92,55.0,3.2000000477,4.5,31,62.0,145.0,110.0,72.0,0.0,0.0,36.0,42.0,720.0,0
15007,158.0,91,31.0,5.0999999046,5.5599999428,50,70.0,215.0,138.0,89.0,137.0,79.0,40.0,45.0,720.0,0
15008,181.0,83,44.0,4.0999999046,4.0300002098,39,66.0,255.0,140.0,98.0,0.0,0.0,46.0,54.0,210.0,0
15010,151.0,85,48.0,3.0999999046,4.3800001144,33,69.0,308.0,110.0,90.0,0.0,0.0,52.0,58.0,300.0,0
15012,115.0,239,36.0,3.2000000477,13.6000003815,58,69.0,0.0,125.0,69.0,0.0,0.0,30.0,37.0,10.0,1
15013,271.0,121,40.0,6.8000001907,4.5700001717,81,64.0,158.0,146.0,76.0,0.0,0.0,36.0,43.0,10.0,0
15016,190.0,92,44.0,4.3000001907,4.6599998474,27,65.0,210.0,150.0,106.0,160.0,116.0,39.0,47.0,60.0,0
15017,118.0,95,39.0,3.0,4.7100000381,47,64.0,123.0,140.0,76.0,0.0,0.0,30.0,36.0,300.0,0
15250,168.0,82,44.0,3.7999999523,4.4000000954,33,66.0,118.0,98.0,66.0,0.0,0.0,29.0,35.0,150.0,0
15252,254.0,121,39.0,6.5,9.25,67,68.0,167.0,161.0,118.0,151.0,111.0,36.0,39.0,60.0,1
15260,193.0,77,45.0,4.3000001907,4.7399997711,42,75.0,186.0,125.0,90.0,0.0,0.0,37.0,46.0,60.0,0
15264,187.0,84,64.0,2.9000000954,4.4000000954,21,63.0,158.0,138.0,88.0,0.0,0.0,39.0,43.0,180.0,0
15271,212.0,79,49.0,4.3000001907,5.4899997711,51,65.0,145.0,230.0,120.0,235.0,120.0,38.0,42.0,60.0,0
15274,170.0,76,60.0,2.7999999523,3.4400000572,27,63.0,119.0,122.0,86.0,0.0,0.0,28.0,37.0,270.0,0
15276,215.0,110,36.0,6.0,9.8199996948,51,67.0,282.0,142.0,78.0,136.0,84.0,52.0,59.0,420.0,1
15277,199.0,85,59.0,3.4000000954,4.9600000381,71,69.0,171.0,136.0,86.0,0.0,0.0,38.0,40.0,240.0,0
15278,140.0,385,31.0,4.5,11.5900001526,50,69.0,172.0,138.0,66.0,0.0,0.0,37.0,41.0,210.0,1
15279,216.0,79,46.0,4.6999998093,4.4099998474,54,65.0,138.0,132.0,80.0,0.0,0.0,33.0,39.0,990.0,0
15500,204.0,113,35.0,5.8000001907,4.4400000572,59,73.0,187.0,148.0,76.0,148.0,78.0,38.0,37.0,90.0,0
15501,193.0,248,24.0,8.0,7.1399998665,59,66.0,189.0,140.0,90.0,0.0,0.0,38.0,45.0,90.0,1
15502,267.0,133,34.0,7.9000000954,8.8100004196,40,59.0,204.0,118.0,69.0,0.0,0.0,40.0,47.0,780.0,1
15512,201.0,106,53.0,3.7999999523,5.3499999046,58,66.0,215.0,186.0,102.0,190.0,110.0,46.0,44.0,360.0,0
15513,204.0,120,44.0,4.5999999046,4.6900000572,72,65.0,167.0,140.0,72.0,0.0,0.0,45.0,46.0,480.0,0
15514,246.0,104,62.0,4.0,7.4000000954,66,66.0,189.0,200.0,94.0,208.0,90.0,45.0,46.0,195.0,1
15515,229.0,91,43.0,5.3000001907,4.7300000191,23,72.0,180.0,110.0,78.0,0.0,0.0,34.0,41.0,60.0,0
15516,172.0,101,46.0,3.7000000477,4.5199999809,42,65.0,165.0,118.0,68.0,0.0,0.0,33.0,45.0,150.0,0
15517,197.0,120,37.0,5.3000001907,4.9499998093,43,71.0,179.0,146.0,98.0,136.0,96.0,37.0,44.0,30.0,0
15518,205.0,79,32.0,6.4000000954,4.2100000381,75,69.0,204.0,136.0,90.0,0.0,0.0,44.0,42.0,120.0,0
15519,219.0,106,50.0,4.4000000954,4.5599999428,65,63.0,233.0,140.0,90.0,136.0,86.0,40.0,53.0,45.0,0
15520,174.0,90,36.0,4.8000001907,5.3499999046,34,71.0,210.0,142.0,92.0,148.0,98.0,37.0,43.0,90.0,0
15521,192.0,89,30.0,6.4000000954,4.0399999619,37,71.0,195.0,136.0,96.0,130.0,98.0,36.0,43.0,630.0,0
15522,206.0,94,44.0,4.6999998093,5.4899997711,61,63.0,199.0,180.0,96.0,176.0,94.0,41.0,47.0,720.0,0
15527,160.0,71,44.0,3.5999999046,4.6399998665,36,64.0,185.0,110.0,80.0,0.0,0.0,39.0,45.0,300.0,0
15529,216.0,109,86.0,2.5,4.4000000954,45,67.0,147.0,140.0,102.0,148.0,102.0,32.0,38.0,80.0,0
15540,236.0,111,82.0,2.9000000954,5.2399997711,68,61.0,119.0,142.0,96.0,140.0,86.0,29.0,37.0,135.0,0
15542,205.0,88,41.0,5.0,0.0,57,66.0,171.0,132.0,82.0,0.0,0.0,37.0,40.0,210.0,0
15545,206.0,112,33.0,6.1999998093,4.0300002098,41,62.0,184.0,104.0,80.0,0.0,0.0,39.0,44.0,10.0,0
15546,143.0,371,46.0,3.0999999046,4.8099999428,68,67.0,158.0,138.0,82.0,0.0,0.0,37.0,43.0,90.0,0
15757,173.0,83,37.0,4.6999998093,4.3099999428,40,0.0,130.0,122.0,76.0,0.0,0.0,37.0,38.0,360.0,0
15758,235.0,91,37.0,6.4000000954,5.2300000191,79,65.0,134.0,142.0,70.0,0.0,0.0,34.0,38.0,240.0,0
15760,169.0,95,29.0,5.8000001907,5.2199997902,62,66.0,251.0,118.0,72.0,0.0,0.0,50.0,47.0,720.0,0
15761,283.0,145,39.0,7.3000001907,8.25,63,61.0,200.0,190.0,110.0,170.0,90.0,44.0,48.0,720.0,1
15762,174.0,93,77.0,2.2999999523,4.9499998093,55,70.0,140.0,118.0,86.0,0.0,0.0,32.0,33.0,120.0,0
15763,271.0,103,90.0,3.0,4.0100002289,55,63.0,114.0,180.0,105.0,165.0,105.0,30.0,37.0,15.0,0
15766,203.0,94,62.0,3.2999999523,4.6700000763,27,67.0,209.0,140.0,80.0,0.0,0.0,34.0,43.0,780.0,0
15773,188.0,174,24.0,7.8000001907,6.1700000763,66,68.0,210.0,160.0,78.0,158.0,84.0,45.0,48.0,60.0,0
15777,293.0,87,120.0,2.4000000954,4.7600002289,63,64.0,179.0,142.0,80.0,142.0,90.0,47.0,45.0,30.0,0
15779,215.0,80,100.0,2.2000000477,4.6599998474,78,65.0,109.0,170.0,88.0,180.0,100.0,33.0,34.0,435.0,0
15782,207.0,77,46.0,4.5,4.8200001717,68,55.0,130.0,199.0,115.0,190.0,99.0,29.0,33.0,120.0,0
15787,179.0,77,72.0,2.5,4.9699997902,31,66.0,145.0,131.0,79.0,0.0,0.0,33.0,38.0,150.0,0
15792,202.0,81,55.0,3.7000000477,5.5,64,62.0,167.0,190.0,118.0,0.0,0.0,44.0,47.0,120.0,0
15795,211.0,98,40.0,5.3000001907,3.5499999523,40,68.0,179.0,110.0,76.0,0.0,0.0,37.0,43.0,60.0,0
15797,211.0,225,29.0,7.3000001907,10.0900001526,61,63.0,144.0,190.0,100.0,170.0,86.0,40.0,42.0,120.0,1
15798,151.0,74,47.0,3.2000000477,4.0100002289,28,69.0,130.0,135.0,75.0,0.0,0.0,29.0,35.0,720.0,0
15799,171.0,85,61.0,2.7999999523,5.0999999046,34,63.0,164.0,120.0,80.0,0.0,0.0,34.0,43.0,60.0,0
15800,342.0,251,48.0,7.0999999046,12.6700000763,63,65.0,201.0,178.0,88.0,160.0,82.0,45.0,46.0,180.0,1
15801,179.0,236,63.0,2.7999999523,12.0699996948,55,75.0,186.0,122.0,74.0,0.0,0.0,38.0,38.0,180.0,1
15802,155.0,58,69.0,2.2000000477,4.1700000763,26,73.0,174.0,110.0,76.0,0.0,0.0,30.0,35.0,180.0,0
15805,197.0,92,46.0,4.3000001907,4.75,36,64.0,136.0,0.0,0.0,0.0,0.0,32.0,37.0,0.0,0
15812,200.0,56,51.0,3.9000000954,3.5499999523,40,62.0,105.0,125.0,64.0,0.0,0.0,26.0,33.0,720.0,0
15813,237.0,96,52.0,4.5999999046,0.0,45,69.0,130.0,137.0,74.0,0.0,0.0,33.0,35.0,720.0,0
15814,198.0,118,46.0,4.3000001907,4.4400000572,68,63.0,124.0,130.0,70.0,0.0,0.0,32.0,38.0,60.0,0
15815,240.0,88,49.0,4.9000000954,4.9200000763,82,63.0,170.0,180.0,86.0,0.0,0.0,41.0,46.0,720.0,0
15816,192.0,56,42.0,4.5999999046,4.5900001526,60,62.0,134.0,130.0,70.0,0.0,0.0,31.0,40.0,90.0,0
15818,145.0,84,54.0,2.7000000477,4.7300000191,30,65.0,165.0,102.0,56.0,0.0,0.0,33.0,42.0,720.0,0
15820,269.0,59,66.0,4.0999999046,5.1399998665,41,67.0,191.0,130.0,73.0,0.0,0.0,38.0,41.0,240.0,0
15821,240.0,96,57.0,4.1999998093,5.7399997711,54,65.0,175.0,152.0,100.0,140.0,100.0,37.0,43.0,60.0,0
15827,205.0,83,42.0,4.9000000954,4.8699998856,72,61.0,180.0,170.0,90.0,150.0,100.0,39.0,47.0,240.0,0
15828,266.0,82,54.0,4.9000000954,5.4099998474,47,68.0,142.0,118.0,78.0,0.0,0.0,35.0,39.0,120.0,0
16000,188.0,88,51.0,3.7000000477,5.1300001144,50,61.0,147.0,160.0,66.0,150.0,80.0,34.0,41.0,720.0,0
16001,222.0,82,87.0,2.5999999046,4.6399998665,51,66.0,110.0,150.0,110.0,150.0,90.0,28.0,37.0,270.0,0
16003,142.0,155,25.0,5.6999998093,6.9600000381,45,69.0,204.0,165.0,115.0,160.0,96.0,40.0,43.0,720.0,1
16004,268.0,90,48.0,5.5999999046,5.3600001335,38,63.0,181.0,142.0,100.0,144.0,110.0,38.0,46.0,210.0,0
16005,174.0,105,117.0,1.5,5.5300002098,20,70.0,187.0,132.0,86.0,0.0,0.0,37.0,41.0,210.0,0
16016,214.0,87,35.0,6.0999999046,5.3800001144,44,0.0,190.0,140.0,75.0,0.0,0.0,38.0,44.0,720.0,0
17002,194.0,54,57.0,3.4000000954,4.2600002289,63,70.0,181.0,184.0,76.0,180.0,84.0,37.0,42.0,60.0,0
17751,196.0,115,62.0,3.2000000477,4.3400001526,50,67.0,140.0,176.0,110.0,150.0,102.0,35.0,37.0,60.0,0
17752,207.0,187,46.0,4.5,8.5699996948,44,67.0,201.0,150.0,74.0,146.0,76.0,46.0,49.0,30.0,1
17754,204.0,89,56.0,3.5999999046,5.0199999809,48,68.0,196.0,170.0,96.0,178.0,96.0,38.0,42.0,90.0,0
17755,189.0,84,46.0,4.0999999046,4.3600001335,41,63.0,153.0,130.0,80.0,0.0,0.0,32.0,40.0,15.0,0
17756,179.0,77,50.0,3.5999999046,3.3299999237,29,68.0,170.0,122.0,68.0,0.0,0.0,38.0,39.0,300.0,0
17757,159.0,100,54.0,2.9000000954,4.1799998283,76,66.0,188.0,116.0,53.0,0.0,0.0,40.0,41.0,180.0,0
17760,260.0,68,60.0,4.3000001907,4.7800002098,69,59.0,179.0,158.0,98.0,159.0,80.0,45.0,48.0,180.0,0
17762,228.0,79,37.0,6.1999998093,4.7399997711,26,72.0,259.0,122.0,90.0,0.0,0.0,48.0,49.0,720.0,0
17765,242.0,74,55.0,4.4000000954,3.9700000286,70,66.0,200.0,140.0,65.0,0.0,0.0,41.0,47.0,180.0,0
17766,227.0,98,66.0,3.4000000954,6.4200000763,25,71.0,162.0,123.0,82.0,0.0,0.0,35.0,39.0,900.0,0
17767,208.0,122,51.0,4.0999999046,6.4800000191,42,62.0,141.0,118.0,78.0,0.0,0.0,33.0,40.0,720.0,0
17771,208.0,95,32.0,6.5,5.5999999046,56,68.0,183.0,131.0,75.0,0.0,0.0,36.0,39.0,20.0,0
17772,209.0,89,43.0,4.9000000954,4.8499999046,31,67.0,160.0,108.0,58.0,0.0,0.0,30.0,44.0,240.0,0
17773,163.0,83,57.0,2.9000000954,4.6100001335,31,65.0,120.0,136.0,86.0,0.0,0.0,29.0,40.0,240.0,0
17776,201.0,100,46.0,4.4000000954,4.0999999046,27,65.0,145.0,121.0,75.0,0.0,0.0,32.0,35.0,60.0,0
17781,237.0,118,45.0,5.3000001907,7.5100002289,73,64.0,174.0,162.0,75.0,0.0,0.0,38.0,44.0,300.0,1
17784,176.0,90,34.0,5.1999998093,4.2399997711,32,63.0,252.0,100.0,72.0,0.0,0.0,45.0,58.0,180.0,0
17790,146.0,79,41.0,3.5999999046,4.7600002289,19,60.0,135.0,108.0,58.0,0.0,0.0,33.0,40.0,240.0,0
17791,231.0,70,110.0,2.0999999046,3.75,71,63.0,155.0,150.0,78.0,0.0,0.0,33.0,41.0,900.0,0
17794,241.0,92,40.0,6.0,5.0399999619,27,63.0,179.0,120.0,75.0,0.0,0.0,40.0,42.0,720.0,0
17795,305.0,91,44.0,6.9000000954,5.3400001526,31,71.0,211.0,100.0,60.0,0.0,0.0,40.0,45.0,540.0,0
17800,149.0,77,49.0,3.0,4.5,20,62.0,115.0,105.0,82.0,0.0,0.0,31.0,37.0,720.0,0
17802,183.0,69,51.0,3.5999999046,4.3699998856,31,66.0,190.0,125.0,70.0,0.0,0.0,41.0,47.0,720.0,0
17805,235.0,109,59.0,4.0,7.4800000191,62,63.0,290.0,175.0,80.0,152.0,102.0,55.0,62.0,300.0,1
17808,244.0,101,39.0,6.3000001907,4.3600001335,44,71.0,168.0,140.0,89.0,0.0,0.0,36.0,39.0,720.0,0
17813,199.0,153,77.0,2.5999999046,4.7399997711,36,66.0,255.0,118.0,66.0,0.0,0.0,47.0,52.0,360.0,0
17814,224.0,85,30.0,7.5,5.2600002289,36,69.0,205.0,150.0,99.0,130.0,80.0,37.0,41.0,360.0,0
17816,173.0,225,31.0,5.5999999046,10.470000267,47,73.0,260.0,150.0,98.0,142.0,90.0,42.0,47.0,60.0,1
17817,192.0,124,31.0,5.5999999046,5.1700000763,30,72.0,250.0,142.0,79.0,0.0,0.0,43.0,51.0,120.0,0
17818,157.0,91,34.0,4.5999999046,5.6999998093,63,69.0,166.0,106.0,82.0,0.0,0.0,39.0,38.0,420.0,0
17819,172.0,117,56.0,3.0999999046,3.5899999142,48,63.0,170.0,130.0,82.0,0.0,0.0,35.0,42.0,240.0,0
17828,170.0,67,33.0,5.1999998093,6.4200000763,65,69.0,182.0,140.0,65.0,0.0,0.0,42.0,39.0,270.0,0
17829,215.0,97,46.0,4.6999998093,5.0300002098,59,63.0,176.0,140.0,70.0,0.0,0.0,34.0,44.0,60.0,0
17830,214.0,67,47.0,4.5999999046,4.4099998474,37,64.0,145.0,108.0,76.0,0.0,0.0,34.0,42.0,90.0,0
17834,195.0,171,29.0,6.6999998093,5.6799998283,78,66.0,172.0,130.0,82.0,0.0,0.0,40.0,40.0,60.0,0
17835,230.0,86,37.0,6.1999998093,4.3899998665,23,71.0,277.0,150.0,99.0,150.0,85.0,50.0,49.0,840.0,0
17841,206.0,90,38.0,5.4000000954,4.0700001717,38,69.0,167.0,138.0,90.0,0.0,0.0,36.0,47.0,90.0,0
17846,147.0,86,34.0,4.3000001907,4.6199998856,38,69.0,205.0,130.0,96.0,130.0,90.0,39.0,41.0,480.0,0
17849,234.0,78,54.0,4.3000001907,3.7000000477,41,67.0,183.0,122.0,96.0,126.0,96.0,38.0,40.0,0.0,0
20254,135.0,88,34.0,4.0,3.9600000381,29,65.0,123.0,118.0,61.0,0.0,0.0,26.0,37.0,240.0,0
20258,226.0,68,83.0,2.7000000477,0.0,49,63.0,128.0,121.0,75.0,0.0,0.0,31.0,36.0,720.0,0
20260,179.0,75,36.0,5.0,4.75,23,65.0,183.0,120.0,80.0,0.0,0.0,43.0,45.0,720.0,0
20261,163.0,69,48.0,3.4000000954,4.3099999428,29,62.0,99.0,125.0,60.0,0.0,0.0,30.0,36.0,720.0,0
20267,191.0,74,33.0,5.8000001907,5.3499999046,40,72.0,270.0,136.0,70.0,0.0,0.0,45.0,49.0,150.0,0
20271,138.0,95,40.0,3.5,4.8000001907,38,60.0,138.0,140.0,90.0,0.0,0.0,31.0,39.0,330.0,0
20272,184.0,92,36.0,5.0999999046,4.8099999428,40,63.0,285.0,142.0,98.0,142.0,96.0,50.0,60.0,690.0,0
20274,181.0,101,44.0,4.0999999046,4.8800001144,29,68.0,180.0,130.0,78.0,0.0,0.0,38.0,42.0,720.0,0
20275,224.0,98,44.0,5.0999999046,5.0500001907,78,63.0,160.0,150.0,81.0,0.0,0.0,36.0,45.0,300.0,0
20278,293.0,115,54.0,5.4000000954,4.8699998856,50,71.0,170.0,131.0,75.0,0.0,0.0,34.0,39.0,120.0,0
20279,147.0,78,42.0,3.5,4.6700000763,23,61.0,185.0,127.0,71.0,0.0,0.0,43.0,47.0,600.0,0
20288,198.0,92,62.0,3.2000000477,4.4299998283,60,70.0,163.0,126.0,78.0,0.0,0.0,36.0,40.0,795.0,0
20289,152.0,103,32.0,4.8000001907,4.2699999809,40,52.0,187.0,148.0,82.0,158.0,80.0,38.0,49.0,135.0,0
20290,277.0,119,62.0,4.5,5.0300002098,60,61.0,128.0,140.0,86.0,128.0,74.0,33.0,39.0,240.0,0
20292,219.0,105,63.0,3.5,4.4000000954,40,62.0,153.0,106.0,82.0,0.0,0.0,36.0,44.0,10.0,0
20293,182.0,74,44.0,4.0999999046,4.6700000763,30,62.0,125.0,132.0,80.0,0.0,0.0,31.0,39.0,480.0,0
20294,135.0,88,47.0,2.9000000954,4.2100000381,21,69.0,155.0,110.0,68.0,0.0,0.0,31.0,39.0,10.0,0
20298,277.0,88,45.0,6.1999998093,5.2399997711,63,64.0,223.0,220.0,100.0,202.0,98.0,45.0,54.0,375.0,0
20306,212.0,82,68.0,3.0999999046,4.6100001335,63,70.0,161.0,180.0,110.0,190.0,114.0,37.0,40.0,30.0,0
20308,162.0,76,40.0,4.0999999046,4.4000000954,43,67.0,216.0,100.0,70.0,0.0,0.0,41.0,44.0,30.0,0
20309,207.0,102,43.0,4.8000001907,5.0100002289,46,63.0,179.0,212.0,114.0,210.0,112.0,38.0,46.0,150.0,0
20312,255.0,100,34.0,7.5,6.0599999428,64,68.0,227.0,134.0,74.0,0.0,0.0,44.0,47.0,270.0,0
20313,404.0,206,33.0,12.1999998093,10.75,56,69.0,159.0,162.0,88.0,150.0,80.0,38.0,39.0,570.0,1
20314,239.0,97,55.0,4.3000001907,4.6900000572,35,74.0,170.0,122.0,62.0,0.0,0.0,32.0,38.0,720.0,0
20315,220.0,95,58.0,3.7999999523,5.6300001144,59,66.0,138.0,138.0,80.0,0.0,0.0,32.0,38.0,30.0,0
20318,165.0,76,46.0,3.5999999046,3.6900000572,22,63.0,114.0,112.0,78.0,0.0,0.0,28.0,35.0,120.0,0
20325,243.0,74,42.0,5.8000001907,3.8499999046,43,64.0,239.0,128.0,90.0,138.0,90.0,48.0,53.0,330.0,0
20329,149.0,138,50.0,3.0,4.0900001526,26,62.0,174.0,148.0,92.0,138.0,84.0,38.0,46.0,10.0,0
20332,178.0,64,52.0,3.4000000954,4.0999999046,41,65.0,188.0,130.0,76.0,0.0,0.0,35.0,46.0,5.0,0
20335,190.0,228,57.0,3.2999999523,9.279999733,43,65.0,198.0,110.0,64.0,0.0,0.0,40.0,49.0,60.0,1
20337,226.0,97,70.0,3.2000000477,3.8800001144,20,64.0,114.0,122.0,64.0,0.0,0.0,31.0,39.0,90.0,0
20340,132.0,83,40.0,3.2999999523,5.6999998093,28,68.0,225.0,136.0,86.0,0.0,0.0,41.0,52.0,105.0,0
20343,160.0,82,41.0,3.9000000954,2.8499999046,30,63.0,143.0,172.0,124.0,176.0,124.0,33.0,40.0,30.0,0
20346,204.0,173,37.0,5.5,13.0600004196,66,67.0,146.0,138.0,78.0,0.0,0.0,36.0,48.0,1260.0,1
20350,164.0,91,67.0,2.4000000954,3.9700000286,20,70.0,141.0,122.0,86.0,0.0,0.0,32.0,39.0,390.0,0
20352,155.0,81,70.0,2.2000000477,3.0299999714,32,65.0,151.0,120.0,68.0,0.0,0.0,33.0,40.0,420.0,0
20355,251.0,118,38.0,6.5999999046,5.5100002289,38,64.0,248.0,110.0,80.0,0.0,0.0,49.0,58.0,15.0,0
20361,198.0,86,66.0,3.0,5.6799998283,61,74.0,152.0,138.0,76.0,0.0,0.0,33.0,38.0,420.0,0
20365,179.0,90,60.0,3.0,4.1999998093,26,60.0,130.0,138.0,84.0,0.0,0.0,32.0,40.0,270.0,0
20367,223.0,88,42.0,5.3000001907,6.4400000572,74,62.0,165.0,250.0,100.0,0.0,0.0,41.0,46.0,60.0,0
20368,207.0,71,41.0,5.0,9.6199998856,72,70.0,180.0,138.0,88.0,0.0,0.0,39.0,40.0,45.0,1
20369,244.0,89,92.0,2.7000000477,4.5399999619,21,71.0,163.0,116.0,76.0,0.0,0.0,34.0,39.0,180.0,0
20750,245.0,119,26.0,9.3999996185,7.5100002289,36,66.0,179.0,150.0,92.0,130.0,86.0,37.0,42.0,390.0,1
20754,191.0,81,53.0,3.5999999046,5.6300001144,42,61.0,156.0,138.0,84.0,0.0,0.0,36.0,42.0,150.0,0
20761,221.0,120,83.0,2.7000000477,5.7699999809,66,64.0,130.0,110.0,64.0,0.0,0.0,31.0,38.0,15.0,0
20762,300.0,65,59.0,5.0999999046,4.5599999428,34,0.0,160.0,120.0,60.0,0.0,0.0,40.0,47.0,300.0,0
20765,173.0,85,58.0,3.0,4.4000000954,43,69.0,210.0,130.0,75.0,0.0,0.0,44.0,47.0,720.0,0
20768,138.0,81,45.0,3.0999999046,4.6999998093,57,73.0,164.0,148.0,81.0,0.0,0.0,31.0,37.0,240.0,0
20773,203.0,71,78.0,2.5999999046,2.8499999046,45,66.0,115.0,135.0,88.0,0.0,0.0,30.0,34.0,15.0,0
20774,260.0,67,46.0,5.6999998093,5.3400001526,44,62.0,159.0,140.0,94.0,130.0,95.0,36.0,43.0,330.0,0
20775,166.0,77,68.0,2.4000000954,4.9499998093,27,72.0,141.0,110.0,58.0,0.0,0.0,33.0,38.0,120.0,0
20782,180.0,92,34.0,5.3000001907,3.5899999142,63,69.0,169.0,145.0,72.0,142.0,70.0,35.0,39.0,30.0,0
20783,159.0,172,28.0,5.6999998093,8.2299995422,65,70.0,181.0,142.0,81.0,0.0,0.0,43.0,49.0,480.0,1
20784,207.0,75,44.0,4.6999998093,5.0599999428,30,72.0,180.0,118.0,62.0,0.0,0.0,35.0,41.0,180.0,0
20787,298.0,84,50.0,6.0,0.0,28,66.0,209.0,131.0,111.0,130.0,80.0,42.0,46.0,300.0,0
20790,203.0,104,36.0,5.5999999046,0.0,41,71.0,210.0,140.0,112.0,138.0,89.0,37.0,42.0,30.0,0
21254,191.0,155,58.0,3.2999999523,8.0600004196,31,62.0,237.0,140.0,87.0,0.0,0.0,53.0,56.0,240.0,1
21255,231.0,84,91.0,2.5,4.9000000954,33,69.0,163.0,140.0,70.0,0.0,0.0,35.0,38.0,150.0,0
21257,184.0,76,42.0,4.4000000954,4.7100000381,66,74.0,185.0,130.0,75.0,0.0,0.0,40.0,41.0,180.0,0
21281,164.0,94,58.0,2.7999999523,3.7999999523,28,67.0,180.0,128.0,94.0,124.0,96.0,39.0,43.0,270.0,0
21284,134.0,101,36.0,3.7000000477,4.6700000763,25,63.0,245.0,142.0,78.0,141.0,80.0,47.0,58.0,10.0,0
21298,220.0,60,66.0,3.2999999523,10.970000267,26,70.0,150.0,136.0,88.0,0.0,0.0,33.0,39.0,300.0,1
21318,180.0,76,46.0,3.9000000954,4.4299998283,40,64.0,146.0,128.0,82.0,0.0,0.0,37.0,43.0,240.0,0
21320,216.0,155,30.0,7.1999998093,5.9099998474,38,68.0,145.0,110.0,60.0,0.0,0.0,34.0,37.0,20.0,0
21321,158.0,74,64.0,2.5,2.7300000191,30,62.0,142.0,108.0,68.0,0.0,0.0,0.0,0.0,330.0,0
21322,261.0,101,83.0,3.0999999046,5.1199998856,52,64.0,198.0,152.0,92.0,162.0,92.0,42.0,49.0,20.0,0
21323,172.0,70,36.0,4.8000001907,3.7799999714,22,64.0,148.0,90.0,48.0,0.0,0.0,35.0,38.0,240.0,0
21329,249.0,81,28.0,8.8999996185,5.1199998856,51,65.0,200.0,122.0,90.0,0.0,0.0,43.0,46.0,150.0,0
21333,189.0,80,40.0,4.6999998093,3.6199998856,45,69.0,190.0,140.0,75.0,0.0,0.0,39.0,44.0,300.0,0
21334,225.0,74,36.0,6.3000001907,4.6599998474,53,63.0,182.0,126.0,80.0,0.0,0.0,38.0,46.0,540.0,0
21338,193.0,75,49.0,3.9000000954,5.0100002289,21,61.0,220.0,130.0,82.0,0.0,0.0,40.0,52.0,240.0,0
21341,219.0,78,67.0,3.2999999523,3.75,53,64.0,179.0,135.0,100.0,170.0,98.0,39.0,47.0,150.0,0
21343,156.0,86,34.0,4.5999999046,4.5500001907,37,67.0,212.0,122.0,74.0,0.0,0.0,48.0,51.0,150.0,0
21345,224.0,71,42.0,5.3000001907,4.9200000763,34,60.0,165.0,135.0,80.0,0.0,0.0,34.0,46.0,30.0,0
21346,181.0,77,46.0,3.9000000954,4.0900001526,30,66.0,257.0,162.0,108.0,158.0,110.0,47.0,55.0,60.0,0
21347,306.0,92,56.0,5.5,5.5799999237,74,69.0,184.0,140.0,72.0,0.0,0.0,39.0,41.0,195.0,0
21357,122.0,82,43.0,2.7999999523,3.9800000191,36,71.0,183.0,110.0,80.0,0.0,0.0,41.0,45.0,90.0,0
21359,219.0,130,44.0,5.0,7.2199997902,45,67.0,218.0,172.0,110.0,168.0,108.0,41.0,45.0,180.0,1
40251,150.0,80,38.0,3.9000000954,3.9700000286,35,73.0,179.0,138.0,92.0,135.0,88.0,32.0,37.0,450.0,0
40253,185.0,67,59.0,3.0999999046,4.6500000954,50,64.0,228.0,142.0,90.0,142.0,92.0,42.0,54.0,225.0,0
40500,226.0,100,65.0,3.5,4.8299999237,27,69.0,289.0,130.0,100.0,170.0,114.0,48.0,51.0,75.0,0
40501,206.0,83,68.0,3.0,4.8800001144,52,69.0,153.0,140.0,98.0,142.0,102.0,36.0,40.0,195.0,0
40502,199.0,81,36.0,5.5,4.9299998283,42,67.0,235.0,178.0,100.0,170.0,96.0,47.0,52.0,210.0,0
40751,239.0,85,63.0,3.7999999523,5.1599998474,39,60.0,144.0,162.0,90.0,152.0,90.0,33.0,42.0,180.0,0
40754,235.0,106,37.0,6.4000000954,6.7800002098,73,65.0,183.0,134.0,78.0,0.0,0.0,43.0,46.0,195.0,1
40755,184.0,99,36.0,5.0999999046,4.1599998474,28,67.0,154.0,124.0,94.0,110.0,74.0,35.0,38.0,330.0,0
40762,242.0,297,34.0,7.0999999046,12.1599998474,53,69.0,216.0,142.0,96.0,142.0,98.0,43.0,45.0,285.0,1
40764,307.0,87,58.0,5.3000001907,4.2800002098,49,67.0,181.0,120.0,80.0,0.0,0.0,41.0,42.0,240.0,0
40772,204.0,94,54.0,3.7999999523,4.1599998474,55,66.0,202.0,140.0,90.0,140.0,90.0,43.0,47.0,150.0,0
40773,212.0,88,36.0,5.9000000954,5.2199997902,37,64.0,160.0,124.0,82.0,0.0,0.0,37.0,45.0,15.0,0
40774,203.0,90,51.0,4.0,14.9399995804,60,59.0,123.0,130.0,72.0,0.0,0.0,36.0,41.0,60.0,1
40775,219.0,173,31.0,7.0999999046,10.1599998474,56,65.0,197.0,100.0,50.0,0.0,0.0,41.0,50.0,210.0,1
40784,226.0,279,52.0,4.3000001907,10.0699996948,84,60.0,192.0,144.0,88.0,146.0,82.0,41.0,48.0,210.0,1
40785,217.0,75,54.0,4.0,3.6600000858,20,67.0,187.0,110.0,72.0,0.0,0.0,40.0,45.0,1440.0,0
40786,157.0,92,47.0,3.2999999523,6.4800000191,80,71.0,212.0,156.0,88.0,158.0,86.0,47.0,48.0,390.0,0
40787,235.0,102,42.0,5.5999999046,4.9000000954,60,69.0,186.0,148.0,98.0,130.0,100.0,40.0,42.0,900.0,0
40789,252.0,161,87.0,2.9000000954,11.1800003052,80,62.0,162.0,160.0,100.0,160.0,100.0,44.0,41.0,1440.0,1
40792,204.0,71,55.0,3.7000000477,4.3299999237,29,64.0,120.0,110.0,70.0,0.0,0.0,33.0,38.0,90.0,0
40797,188.0,84,46.0,4.0999999046,3.75,43,66.0,152.0,122.0,80.0,0.0,0.0,37.0,41.0,260.0,0
40799,194.0,95,36.0,5.4000000954,4.9699997902,63,58.0,210.0,140.0,100.0,136.0,100.0,44.0,53.0,240.0,0
40803,215.0,64,84.0,2.5999999046,4.0399999619,37,59.0,148.0,140.0,100.0,136.0,92.0,32.0,42.0,270.0,0
40804,179.0,105,60.0,3.0,4.6799998283,20,58.0,170.0,140.0,100.0,138.0,82.0,34.0,46.0,270.0,0
40805,202.0,84,33.0,6.0999999046,4.1700000763,44,68.0,157.0,125.0,80.0,0.0,0.0,33.0,37.0,180.0,0
41000,194.0,87,65.0,3.0,4.1399998665,54,69.0,129.0,170.0,96.0,160.0,94.0,30.0,37.0,15.0,0
41001,227.0,85,26.0,8.6999998093,4.9800000191,58,70.0,211.0,144.0,82.0,144.0,80.0,38.0,43.0,480.0,0
41003,337.0,85,62.0,5.4000000954,4.6599998474,35,72.0,189.0,124.0,84.0,0.0,0.0,36.0,44.0,240.0,0
41004,255.0,83,90.0,2.7999999523,4.2899999619,52,70.0,120.0,170.0,110.0,166.0,108.0,30.0,33.0,780.0,0
41021,162.0,90,46.0,3.5,5.5599999428,60,63.0,121.0,110.0,64.0,0.0,0.0,32.0,34.0,300.0,0
41023,322.0,87,92.0,3.5,4.4499998093,43,56.0,120.0,120.0,98.0,122.0,100.0,32.0,41.0,60.0,0
41029,289.0,267,38.0,7.5999999046,11.4099998474,59,68.0,169.0,142.0,79.0,0.0,0.0,36.0,38.0,900.0,1
41034,217.0,87,40.0,5.4000000954,4.0700001717,33,62.0,186.0,140.0,90.0,138.0,84.0,42.0,46.0,40.0,0
41035,209.0,91,36.0,5.8000001907,5.0100002289,37,70.0,262.0,130.0,94.0,130.0,88.0,42.0,48.0,450.0,0
41036,214.0,77,48.0,4.5,4.4800000191,40,72.0,222.0,120.0,84.0,0.0,0.0,40.0,44.0,1020.0,0
41037,302.0,81,57.0,5.3000001907,4.6500000954,38,67.0,222.0,128.0,82.0,0.0,0.0,41.0,51.0,210.0,0
41039,179.0,85,52.0,3.4000000954,4.0500001907,32,62.0,179.0,140.0,96.0,148.0,100.0,37.0,47.0,60.0,0
41041,279.0,270,40.0,7.0,8.1099996567,60,68.0,224.0,174.0,90.0,174.0,84.0,48.0,50.0,180.0,1
41055,144.0,81,28.0,5.0999999046,4.1300001144,30,72.0,165.0,118.0,78.0,0.0,0.0,31.0,38.0,180.0,0
41063,270.0,73,40.0,6.8000001907,3.5799999237,42,66.0,185.0,146.0,94.0,149.0,94.0,39.0,41.0,30.0,0
41065,196.0,120,67.0,2.9000000954,9.3699998856,52,62.0,147.0,144.0,94.0,142.0,92.0,34.0,42.0,480.0,1
41075,221.0,126,48.0,4.5999999046,5.5300002098,59,62.0,177.0,130.0,78.0,0.0,0.0,39.0,45.0,60.0,0
41078,210.0,81,81.0,2.5999999046,4.9600000381,78,66.0,145.0,110.0,70.0,0.0,0.0,38.0,39.0,540.0,0
41253,192.0,85,69.0,2.7999999523,4.3800001144,51,65.0,146.0,130.0,110.0,170.0,118.0,0.0,0.0,60.0,0
41254,169.0,104,58.0,2.9000000954,4.8200001717,25,60.0,154.0,140.0,95.0,130.0,94.0,40.0,42.0,60.0,0
41500,179.0,85,50.0,3.5999999046,4.9899997711,37,66.0,136.0,190.0,94.0,172.0,100.0,33.0,39.0,480.0,0
41501,216.0,84,64.0,3.4000000954,0.0,54,66.0,168.0,132.0,90.0,126.0,80.0,38.0,42.0,330.0,0
41503,301.0,90,118.0,2.5999999046,4.2800002098,89,61.0,115.0,218.0,90.0,238.0,90.0,31.0,41.0,210.0,0
41506,296.0,369,46.0,6.4000000954,16.1100006104,53,69.0,173.0,138.0,94.0,130.0,94.0,35.0,39.0,210.0,1
41507,284.0,89,54.0,5.3000001907,4.3899998665,51,63.0,154.0,140.0,100.0,146.0,102.0,32.0,43.0,180.0,0
41510,194.0,269,38.0,5.0999999046,13.6300001144,29,69.0,167.0,120.0,70.0,0.0,0.0,33.0,40.0,20.0,1
41752,199.0,76,52.0,3.7999999523,4.4899997711,41,63.0,197.0,120.0,78.0,0.0,0.0,41.0,48.0,255.0,0
41756,159.0,88,79.0,2.0,0.0,68,64.0,220.0,100.0,72.0,0.0,0.0,49.0,58.0,900.0,0
